{"name":"Test Scene","fbWidth":320,"fbHeight":240,"fbFormat":0,"clearColor":[0.9617586135864258,1.0,0.4072580933570862,1.0],"doClearColor":true,"doClearDepth":true}