{"name":"Test Scene","fbWidth":320,"fbHeight":240,"fbFormat":0,"clearColor":[0.2754852771759033,0.11643144488334656,0.875,1.0],"doClearColor":true,"doClearDepth":true}